Workbook

Sheet All runs
A1: dataset | B1: split | C1: stage | D1: Precision | E1: Recall | F1: F1 | G1: LLM used for synthesis | H1: source file path
A2: fewrel_defon | B2: 1 | C2: initial | D2: 0.70835678 | E2: 0.74142789 | F2: 0.65488546 | G2: GPT-4o (authors' cached bundle, gpt-4o-2024-05-13) | H2: results/fewrel_defon_1/initial/metrics.json
A3: fewrel_defon | B3: 1 | C3: followup | D3: 0.80943788 | E3: 0.66345679 | F3: 0.68604643 | G3: GPT-4o (authors' cached bundle, gpt-4o-2024-05-13) | H3: results/fewrel_defon_1/followup/metrics.json
A4: fewrel_defon | B4: 2 | C4: initial | D4: 0.59639774 | E4: 0.80962183 | F4: 0.65393196 | G4: GPT-4o (authors' cached bundle, gpt-4o-2024-05-13) | H4: results/fewrel_defon_2/initial/metrics.json
A5: fewrel_defon | B5: 2 | C5: followup | D5: 0.87235427 | E5: 0.7107421 | F5: 0.75592293 | G5: GPT-4o (authors' cached bundle, gpt-4o-2024-05-13) | H5: results/fewrel_defon_2/followup/metrics.json
A6: fewrel_defon | B6: 3 | C6: initial | D6: 0.66976006 | E6: 0.73565764 | F6: 0.64347849 | G6: GPT-4o (authors' cached bundle, gpt-4o-2024-05-13) | H6: results/fewrel_defon_3/initial/metrics.json
A7: fewrel_defon | B7: 3 | C7: followup | D7: 0.74025603 | E7: 0.67596595 | F7: 0.65510479 | G7: GPT-4o (authors' cached bundle, gpt-4o-2024-05-13) | H7: results/fewrel_defon_3/followup/metrics.json
A8: fewrel_defon | B8: 4 | C8: initial | D8: 0.75990394 | E8: 0.72984127 | F8: 0.66202057 | G8: GPT-4o (authors' cached bundle, gpt-4o-2024-05-13) | H8: results/fewrel_defon_4/initial/metrics.json
A9: fewrel_defon | B9: 4 | C9: followup | D9: 0.7891629 | E9: 0.68954925 | F9: 0.68771019 | G9: GPT-4o (authors' cached bundle, gpt-4o-2024-05-13) | H9: results/fewrel_defon_4/followup/metrics.json
A10: fewrel_defon | B10: 5 | C10: initial | D10: 0.61778086 | E10: 0.75884912 | F10: 0.62952409 | G10: GPT-4o (authors' cached bundle, gpt-4o-2024-05-13) | H10: results/fewrel_defon_5/initial/metrics.json
A11: fewrel_defon | B11: 5 | C11: followup | D11: 0.7598368 | E11: 0.70072064 | F11: 0.69633972 | G11: GPT-4o (authors' cached bundle, gpt-4o-2024-05-13) | H11: results/fewrel_defon_5/followup/metrics.json
A12: wikizsl_defon | B12: 1 | C12: initial | D12: 0.52793384 | E12: 0.6041158 | F12: 0.51249991 | G12: GPT-4o (authors' cached bundle, gpt-4o-2024-05-13) | H12: results/wikizsl_defon_1/initial/metrics.json
A13: wikizsl_defon | B13: 1 | C13: followup | D13: 0.66767263 | E13: 0.52204735 | F13: 0.51268482 | G13: GPT-4o (authors' cached bundle, gpt-4o-2024-05-13) | H13: results/wikizsl_defon_1/followup/metrics.json
... A27: fewrel_defon10k | B27: 2 | C27: followup | D27: 0.79832919 | E27: 0.68195801 | F27: 0.70271633 | G27: Qwen/Qwen2.5-32B-Instruct-AWQ | H27: results/fewrel_defon10k_2/followup/metrics.json

Sheet Summary
A1: dataset | B1: stage | C1: n splits | D1: mean F1 | E1: std F1 (sample) | F1: paper F1 (REPaL w/ GPT-4o, v2 Table 1) | G1: mean - paper | H1: std F1 (population; = aggregate.csv convention)
A2: fewrel_defon | B2: initial | C2: =COUNTIFS('All runs'!$A$2:$A$27,A2,'All runs'!$C$2:$C$27,B2) | D2: =IF(C2=0,"n/a",AVERAGEIFS('All runs'!$F$2:$F$27,'All runs'!$A$2:$A$27,A2,'All runs'!$C$2:$C$27,B2)) | E2: =IF(C2>1,SQRT((SUMPRODUCT(('All runs'!$A$2:$A$27=A2)*('All runs'!$C$2:$C$27=B2)*'All runs'!$F$2:$F$27^2)-C2*D2^2)/(C2-1)),0) | F2: n/a | G2: =IF(ISNUMBER(F2),D2-F2,"n/a") | H2: =IF(C2>1,E2*SQRT((C2-1)/C2),0)
A3: fewrel_defon | B3: followup | C3: =COUNTIFS('All runs'!$A$2:$A$27,A3,'All runs'!$C$2:$C$27,B3) | D3: =IF(C3=0,"n/a",AVERAGEIFS('All runs'!$F$2:$F$27,'All runs'!$A$2:$A$27,A3,'All runs'!$C$2:$C$27,B3)) | E3: =IF(C3>1,SQRT((SUMPRODUCT(('All runs'!$A$2:$A$27=A3)*('All runs'!$C$2:$C$27=B3)*'All runs'!$F$2:$F$27^2)-C3*D3^2)/(C3-1)),0) | F3: 0.7461 | G3: =IF(ISNUMBER(F3),D3-F3,"n/a") | H3: =IF(C3>1,E3*SQRT((C3-1)/C3),0)
A4: wikizsl_defon | B4: initial | C4: =COUNTIFS('All runs'!$A$2:$A$27,A4,'All runs'!$C$2:$C$27,B4) | D4: =IF(C4=0,"n/a",AVERAGEIFS('All runs'!$F$2:$F$27,'All runs'!$A$2:$A$27,A4,'All runs'!$C$2:$C$27,B4)) | E4: =IF(C4>1,SQRT((SUMPRODUCT(('All runs'!$A$2:$A$27=A4)*('All runs'!$C$2:$C$27=B4)*'All runs'!$F$2:$F$27^2)-C4*D4^2)/(C4-1)),0) | F4: n/a | G4: =IF(ISNUMBER(F4),D4-F4,"n/a") | H4: =IF(C4>1,E4*SQRT((C4-1)/C4),0)
A5: wikizsl_defon | B5: followup | C5: =COUNTIFS('All runs'!$A$2:$A$27,A5,'All runs'!$C$2:$C$27,B5) | D5: =IF(C5=0,"n/a",AVERAGEIFS('All runs'!$F$2:$F$27,'All runs'!$A$2:$A$27,A5,'All runs'!$C$2:$C$27,B5)) | E5: =IF(C5>1,SQRT((SUMPRODUCT(('All runs'!$A$2:$A$27=A5)*('All runs'!$C$2:$C$27=B5)*'All runs'!$F$2:$F$27^2)-C5*D5^2)/(C5-1)),0) | F5: 0.478 | G5: =IF(ISNUMBER(F5),D5-F5,"n/a") | H5: =IF(C5>1,E5*SQRT((C5-1)/C5),0)
A6: semeval | B6: initial | C6: =COUNTIFS('All runs'!$A$2:$A$27,A6,'All runs'!$C$2:$C$27,B6) | D6: =IF(C6=0,"n/a",AVERAGEIFS('All runs'!$F$2:$F$27,'All runs'!$A$2:$A$27,A6,'All runs'!$C$2:$C$27,B6)) | E6: =IF(C6>1,SQRT((SUMPRODUCT(('All runs'!$A$2:$A$27=A6)*('All runs'!$C$2:$C$27=B6)*'All runs'!$F$2:$F$27^2)-C6*D6^2)/(C6-1)),0) | F6: n/a | G6: =IF(ISNUMBER(F6),D6-F6,"n/a") | H6: =IF(C6>1,E6*SQRT((C6-1)/C6),0)
A7: semeval | B7: followup | C7: =COUNTIFS('All runs'!$A$2:$A$27,A7,'All runs'!$C$2:$C$27,B7) | D7: =IF(C7=0,"n/a",AVERAGEIFS('All runs'!$F$2:$F$27,'All runs'!$A$2:$A$27,A7,'All runs'!$C$2:$C$27,B7)) | E7: =IF(C7>1,SQRT((SUMPRODUCT(('All runs'!$A$2:$A$27=A7)*('All runs'!$C$2:$C$27=B7)*'All runs'!$F$2:$F$27^2)-C7*D7^2)/(C7-1)),0) | F7: n/a | G7: =IF(ISNUMBER(F7),D7-F7,"n/a") | H7: =IF(C7>1,E7*SQRT((C7-1)/C7),0)
A8: semeval_qwen3 | B8: initial | C8: =COUNTIFS('All runs'!$A$2:$A$27,A8,'All runs'!$C$2:$C$27,B8) | D8: =IF(C8=0,"n/a",AVERAGEIFS('All runs'!$F$2:$F$27,'All runs'!$A$2:$A$27,A8,'All runs'!$C$2:$C$27,B8)) | E8: =IF(C8>1,SQRT((SUMPRODUCT(('All runs'!$A$2:$A$27=A8)*('All runs'!$C$2:$C$27=B8)*'All runs'!$F$2:$F$27^2)-C8*D8^2)/(C8-1)),0) | F8: n/a | G8: =IF(ISNUMBER(F8),D8-F8,"n/a") | H8: =IF(C8>1,E8*SQRT((C8-1)/C8),0)
A9: semeval_qwen3 | B9: followup | C9: =COUNTIFS('All runs'!$A$2:$A$27,A9,'All runs'!$C$2:$C$27,B9) | D9: =IF(C9=0,"n/a",AVERAGEIFS('All runs'!$F$2:$F$27,'All runs'!$A$2:$A$27,A9,'All runs'!$C$2:$C$27,B9)) | E9: =IF(C9>1,SQRT((SUMPRODUCT(('All runs'!$A$2:$A$27=A9)*('All runs'!$C$2:$C$27=B9)*'All runs'!$F$2:$F$27^2)-C9*D9^2)/(C9-1)),0) | F9: n/a | G9: =IF(ISNUMBER(F9),D9-F9,"n/a") | H9: =IF(C9>1,E9*SQRT((C9-1)/C9),0)
A10: nyt | B10: initial | C10: =COUNTIFS('All runs'!$A$2:$A$27,A10,'All runs'!$C$2:$C$27,B10) | D10: =IF(C10=0,"n/a",AVERAGEIFS('All runs'!$F$2:$F$27,'All runs'!$A$2:$A$27,A10,'All runs'!$C$2:$C$27,B10)) | E10: =IF(C10>1,SQRT((SUMPRODUCT(('All runs'!$A$2:$A$27=A10)*('All runs'!$C$2:$C$27=B10)*'All runs'!$F$2:$F$27^2)-C10*D10^2)/(C10-1)),0) | F10: n/a | G10: =IF(ISNUMBER(F10),D10-F10,"n/a") | H10: =IF(C10>1,E10*SQRT((C10-1)/C10),0)
A11: nyt | B11: followup | C11: =COUNTIFS('All runs'!$A$2:$A$27,A11,'All runs'!$C$2:$C$27,B11) | D11: =IF(C11=0,"n/a",AVERAGEIFS('All runs'!$F$2:$F$27,'All runs'!$A$2:$A$27,A11,'All runs'!$C$2:$C$27,B11)) | E11: =IF(C11>1,SQRT((SUMPRODUCT(('All runs'!$A$2:$A$27=A11)*('All runs'!$C$2:$C$27=B11)*'All runs'!$F$2:$F$27^2)-C11*D11^2)/(C11-1)),0) | F11: n/a | G11: =IF(ISNUMBER(F11),D11-F11,"n/a") | H11: =IF(C11>1,E11*SQRT((C11-1)/C11),0)
A12: fewrel_defon10k | B12: initial | C12: =COUNTIFS('All runs'!$A$2:$A$27,A12,'All runs'!$C$2:$C$27,B12) | D12: =IF(C12=0,"n/a",AVERAGEIFS('All runs'!$F$2:$F$27,'All runs'!$A$2:$A$27,A12,'All runs'!$C$2:$C$27,B12)) | E12: =IF(C12>1,SQRT((SUMPRODUCT(('All runs'!$A$2:$A$27=A12)*('All runs'!$C$2:$C$27=B12)*'All runs'!$F$2:$F$27^2)-C12*D12^2)/(C12-1)),0) | F12: n/a | G12: =IF(ISNUMBER(F12),D12-F12,"n/a") | H12: =IF(C12>1,E12*SQRT((C12-1)/C12),0)
A13: fewrel_defon10k | B13: followup | C13: =COUNTIFS('All runs'!$A$2:$A$27,A13,'All runs'!$C$2:$C$27,B13) | D13: =IF(C13=0,"n/a",AVERAGEIFS('All runs'!$F$2:$F$27,'All runs'!$A$2:$A$27,A13,'All runs'!$C$2:$C$27,B13)) | E13: =IF(C13>1,SQRT((SUMPRODUCT(('All runs'!$A$2:$A$27=A13)*('All runs'!$C$2:$C$27=B13)*'All runs'!$F$2:$F$27^2)-C13*D13^2)/(C13-1)),0) | F13: n/a | G13: =IF(ISNUMBER(F13),D13-F13,"n/a") | H13: =IF(C13>1,E13*SQRT((C13-1)/C13),0)
A15: std F1 uses n-1 (sample std; 0 when only one split); results/aggregate.csv instead reports the population std (column H). Means/stds are live formulas over 'All runs'.
A16: Paper F1 exists only for the followup stage of fewrel_defon / wikizsl_defon (arXiv 2402.11142v2 Table 1).

Sheet Provenance notes
A1: dataset | B1: where the rows came from | C1: evidence
A2: fewrel_defon | B2: Authors' released data: reproduce_main_data/data/fewrel_defon_{1..5}; our own training runs on it. Both stages use the authors' cached GPT-4o synthesis (no live OpenAI calls). | C2: results/fewrel_defon_*/*/config.json: llm_model_ckpt=gpt-4o-2024-05-13; run.log shows no API requests
A3: wikizsl_defon | B3: Same as fewrel_defon, using reproduce_main_data/data/wikizsl_defon_{1..3} and the cached GPT-4o bundle. | C3: results/wikizsl_defon_*/*/config.json
A4: semeval | B4: Own dataset build: tools/build_semeval_defon.py from FewRel 2.0 val_semeval.json (SemEval-2010 Task 8). Own run with a LOCAL LLM, Qwen2.5-32B-Instruct-AWQ (not Qwen3) for both stages. | C4: results/semeval_1/*/config.json: llm_model_ckpt=Qwen/Qwen2.5-32B-Instruct-AWQ
A5: semeval_qwen3 | B5: Same data as semeval_1 (copied json, no cache), regenerated with Qwen/Qwen3-32B-AWQ as the generator LLM. Own run. Compare with semeval only as a generator-LLM comparison. | C5: results/semeval_qwen3_1/*/config.json: llm_model_ckpt=Qwen/Qwen3-32B-AWQ
A6: nyt | B6: Own dataset build: tools/build_nyt_defon.py from FewRel 2.0 val_nyt.json. Own run, local Qwen2.5-32B-Instruct-AWQ. (The pending 'nyt_qwen3' run does not exist yet and is not in this workbook.) | C6: results/nyt_1/*/config.json: llm_model_ckpt=Qwen/Qwen2.5-32B-Instruct-AWQ
A7: fewrel_defon10k | B7: Own run on the authors' FewRel split with the unlabeled pool down-sampled to 10,000 (tools/build_fewrel_10k_pool.py). MIXED generators: initial stage reuses the authors' cached GPT-4o seed examples; followup stage was generated live by Qwen2.5-32B-Instruct-AWQ because the cached GPT-4o follow-up examples depend on the 100k pool and were not copied. | C7: tools/build_fewrel_10k_pool.py docstring; results/fewrel_defon10k_*/followup/config.json
A8: (not included) archive/semeval_1_gpt4o | B8: Earlier SemEval run with live GPT-4o: initial-stage F1 0.357; followup stopped when OpenAI credits ran out. Kept in results/archive and data/archive; not in the tables above. | C8: results/archive/semeval_1_gpt4o/README.txt
A10: Generated 2026-10-10 by update_video/make_results_xlsx.py from results/*/*/metrics.json
